{
  "accuracy": 0.8914728682170543,
  "kappa": 0.5287859424920127,
  "precision_per_class": [
    0.9920844327176781,
    0.3333333333333333,
    0.39473684210526316
  ],
  "recall_per_class": [
    0.9170731707317074,
    0.6216216216216216,
    0.6521739130434783
  ],
  "f1_per_class": [
    0.9531051964512041,
    0.4339622641509434,
    0.4918032786885246
  ],
  "support_per_class": [
    1640,
    74,
    92
  ],
  "confusion_matrix": [
    [
      1504,
      62,
      74
    ],
    [
      10,
      46,
      18
    ],
    [
      2,
      30,
      60
    ]
  ],
  "n_pairs_evaluated": 1806
}