{
  "accuracy": 0.7876923076923077,
  "kappa": 0.4747013352073085,
  "precision_per_class": [
    0.9866666666666667,
    0.3958333333333333,
    0.28846153846153844
  ],
  "recall_per_class": [
    0.8314606741573034,
    0.48717948717948717,
    0.7894736842105263
  ],
  "f1_per_class": [
    0.9024390243902439,
    0.4367816091954023,
    0.4225352112676056
  ],
  "support_per_class": [
    534,
    78,
    38
  ],
  "confusion_matrix": [
    [
      444,
      52,
      38
    ],
    [
      4,
      38,
      36
    ],
    [
      2,
      6,
      30
    ]
  ],
  "n_pairs_evaluated": 650
}