{
  "accuracy": 0.6492307692307693,
  "kappa": 0.24846345767662625,
  "precision_per_class": [
    0.9502487562189055,
    0.20833333333333334,
    0.15
  ],
  "recall_per_class": [
    0.7180451127819549,
    0.125,
    0.7894736842105263
  ],
  "f1_per_class": [
    0.8179871520342612,
    0.15625,
    0.25210084033613445
  ],
  "support_per_class": [
    532,
    80,
    38
  ],
  "confusion_matrix": [
    [
      382,
      34,
      116
    ],
    [
      16,
      10,
      54
    ],
    [
      4,
      4,
      30
    ]
  ],
  "n_pairs_evaluated": 650
}