{
  "accuracy": 0.8461538461538461,
  "kappa": 0.5889614003136541,
  "precision_per_class": [
    0.9831223628691983,
    0.5263157894736842,
    0.3870967741935484
  ],
  "recall_per_class": [
    0.8726591760299626,
    0.7692307692307693,
    0.631578947368421
  ],
  "f1_per_class": [
    0.9246031746031748,
    0.625,
    0.48000000000000004
  ],
  "support_per_class": [
    534,
    78,
    38
  ],
  "confusion_matrix": [
    [
      466,
      42,
      26
    ],
    [
      6,
      60,
      12
    ],
    [
      2,
      12,
      24
    ]
  ],
  "n_pairs_evaluated": 650
}