{
  "accuracy": 0.9047619047619048,
  "kappa": 0.5743064349027283,
  "precision_per_class": [
    0.9908496732026144,
    0.4189189189189189,
    0.4375
  ],
  "recall_per_class": [
    0.9243902439024391,
    0.8378378378378378,
    0.6086956521739131
  ],
  "f1_per_class": [
    0.9564668769716088,
    0.5585585585585585,
    0.509090909090909
  ],
  "support_per_class": [
    1640,
    74,
    92
  ],
  "confusion_matrix": [
    [
      1516,
      56,
      68
    ],
    [
      8,
      62,
      4
    ],
    [
      6,
      30,
      56
    ]
  ],
  "n_pairs_evaluated": 1806
}