{
  "accuracy": 0.64,
  "kappa": 0.24320827943078915,
  "precision_per_class": [
    0.9543147208121827,
    0.15384615384615385,
    0.1568627450980392
  ],
  "recall_per_class": [
    0.706766917293233,
    0.1,
    0.8421052631578947
  ],
  "f1_per_class": [
    0.8120950323974082,
    0.12121212121212122,
    0.2644628099173554
  ],
  "support_per_class": [
    532,
    80,
    38
  ],
  "confusion_matrix": [
    [
      376,
      40,
      116
    ],
    [
      16,
      8,
      56
    ],
    [
      2,
      4,
      32
    ]
  ],
  "n_pairs_evaluated": 650
}